[
    { "name": "AdornAALineVS", "source": "adorn.hlsl", "target": "vs_2_0", "entrypoint": "AdornAALineVS"},
    { "name": "AdornAALineFS", "source": "adorn.hlsl", "target": "ps_2_0", "entrypoint": "AdornAALinePS" },
    { "name": "AdornVS", "source": "adorn.hlsl", "target": "vs_2_0", "entrypoint": "AdornVS" },
    { "name": "AdornSelfLitVS", "source": "adorn.hlsl", "target": "vs_2_0", "entrypoint": "AdornSelfLitVS" },
    { "name": "AdornSelfLitHighlightVS", "source": "adorn.hlsl", "target": "vs_2_0", "entrypoint": "AdornSelfLitHighlightVS" },
    { "name": "AdornLightingVS", "source": "adorn.hlsl", "target": "vs_2_0", "entrypoint": "AdornVS", "defines": "PIN_LIGHTING" },
    { "name": "AdornFS", "source": "adorn.hlsl", "target": "ps_2_0", "entrypoint": "AdornPS" },
    { "name": "AdornOutlineVS", "source": "adorn.hlsl", "target": "vs_2_0", "entrypoint": "AdornOutlineVS"},
    { "name": "AdornOutlineFS", "source": "adorn.hlsl", "target": "ps_2_0", "entrypoint": "AdornOutlinePS" },
    { "name": "DefaultStaticVS", "source": "default.hlsl", "target": "vs_2_0", "entrypoint": "DefaultVS" },
    { "name": "DefaultStaticHQVS", "source": "default.hlsl", "target": "vs_2_0", "entrypoint": "DefaultVS", "defines": "PIN_HQ" },
    { "name": "DefaultSkinnedVS", "source": "default.hlsl", "target": "vs_2_0", "entrypoint": "DefaultVS", "defines": "PIN_SKINNED" },
    { "name": "DefaultSkinnedHQVS", "source": "default.hlsl", "target": "vs_2_0", "entrypoint": "DefaultVS", "defines": "PIN_SKINNED PIN_HQ" },
    { "name": "DefaultStaticDebugVS", "source": "default.hlsl", "target": "vs_2_0", "entrypoint": "DefaultVS", "defines": "PIN_DEBUG" },
    { "name": "DefaultSkinnedDebugVS", "source": "default.hlsl", "target": "vs_2_0", "entrypoint": "DefaultVS", "defines": "PIN_SKINNED PIN_DEBUG" },
    { "name": "DefaultFS", "source": "default.hlsl", "target": "ps_2_0", "entrypoint": "DefaultPS" },
    { "name": "DefaultHQFS", "source": "default.hlsl", "target": "ps_2_a", "entrypoint": "DefaultPS", "defines": "PIN_HQ" },
    { "name": "DefaultHQGBufferFS", "source": "default.hlsl", "target": "ps_2_a", "entrypoint": "DefaultPS", "defines": "PIN_HQ PIN_GBUFFER", "exclude": "glsles" },
    { "name": "DefaultStaticReflectionVS", "source": "default.hlsl", "target": "vs_2_0", "entrypoint": "DefaultVS", "defines": "PIN_REFLECTION" },
    { "name": "DefaultSkinnedReflectionVS", "source": "default.hlsl", "target": "vs_2_0", "entrypoint": "DefaultVS", "defines": "PIN_SKINNED PIN_REFLECTION" },
    { "name": "DefaultStaticSurfaceHQVS", "source": "default.hlsl", "target": "vs_2_0", "entrypoint": "DefaultVS", "defines": "PIN_SURFACE PIN_HQ" },
    { "name": "DefaultSkinnedSurfaceHQVS", "source": "default.hlsl", "target": "vs_2_0", "entrypoint": "DefaultVS", "defines": "PIN_SKINNED PIN_SURFACE PIN_HQ" },
    
	{ "name": "LowQMaterialFS", "source": "plastic.hlsl", "target": "ps_2_0", "entrypoint": "DefaultPS", "defines": "PIN_LOWQMAT" },
    { "name": "LowQMaterialWangFS", "source": "plastic.hlsl", "target": "ps_2_a", "entrypoint": "DefaultPS", "defines": "PIN_LOWQMAT PIN_WANG" },
    { "name": "LowQMaterialWangFallbackFS", "source": "plastic.hlsl", "target": "ps_2_0", "entrypoint": "DefaultPS", "defines": "PIN_LOWQMAT PIN_WANG_FALLBACK" },

	{ "name": "DefaultShadowStaticVS", "source": "shadow.hlsl", "target": "vs_2_0", "entrypoint": "ShadowVS" },
	{ "name": "DefaultShadowSkinnedVS", "source": "shadow.hlsl", "target": "vs_2_0", "entrypoint": "ShadowVS", "defines": "PIN_SKINNED" },
	{ "name": "DefaultShadowFS", "source": "shadow.hlsl", "target": "ps_2_0", "entrypoint": "ShadowPS" },
   
    { "name": "DefaultPlasticFS", "source": "plastic.hlsl", "target": "ps_2_0", "entrypoint": "DefaultPS" },
    { "name": "DefaultNeonFS", "source": "neon.hlsl", "target": "ps_2_0", "entrypoint": "DefaultPS" },
    { "name": "DefaultPlasticHQFS", "source": "plastic.hlsl", "target": "ps_2_a", "entrypoint": "DefaultPS", "defines": "PIN_HQ" },
    { "name": "DefaultPlasticHQGBufferFS", "source": "plastic.hlsl", "target": "ps_2_a", "entrypoint": "DefaultPS", "defines": "PIN_HQ PIN_GBUFFER", "exclude": "glsles" },
    { "name": "DefaultPlasticReflectionFS", "source": "plastic.hlsl", "target": "ps_2_0", "entrypoint": "DefaultPS", "defines": "PIN_REFLECTION" },
    { "name": "DefaultPlasticReflectionHQFS", "source": "plastic.hlsl", "target": "ps_2_a", "entrypoint": "DefaultPS", "defines": "PIN_REFLECTION PIN_HQ" },
    { "name": "DefaultPlasticReflectionHQGBufferFS", "source": "plastic.hlsl", "target": "ps_2_a", "entrypoint": "DefaultPS", "defines": "PIN_REFLECTION PIN_HQ PIN_GBUFFER", "exclude": "glsles" },
    { "name": "DefaultSmoothPlasticFS", "source": "smoothplastic.hlsl", "target": "ps_2_0", "entrypoint": "DefaultPS" },
    { "name": "DefaultSmoothPlasticHQFS", "source": "smoothplastic.hlsl", "target": "ps_2_a", "entrypoint": "DefaultPS", "defines": "PIN_HQ" },
    { "name": "DefaultSmoothPlasticHQGBufferFS", "source": "smoothplastic.hlsl", "target": "ps_2_a", "entrypoint": "DefaultPS", "defines": "PIN_HQ PIN_GBUFFER", "exclude": "glsles" },
    { "name": "DefaultSmoothPlasticReflectionFS", "source": "smoothplastic.hlsl", "target": "ps_2_0", "entrypoint": "DefaultPS", "defines": "PIN_REFLECTION" },
    { "name": "DefaultSmoothPlasticReflectionHQFS", "source": "smoothplastic.hlsl", "target": "ps_2_a", "entrypoint": "DefaultPS", "defines": "PIN_REFLECTION PIN_HQ" },
    { "name": "DefaultSmoothPlasticReflectionHQGBufferFS", "source": "smoothplastic.hlsl", "target": "ps_2_a", "entrypoint": "DefaultPS", "defines": "PIN_REFLECTION PIN_HQ PIN_GBUFFER", "exclude": "glsles" },
    { "name": "DefaultWoodHQFS", "source": "wood.hlsl", "target": "ps_2_a", "entrypoint": "DefaultPS", "defines": "PIN_HQ" },
    { "name": "DefaultWoodHQGBufferFS", "source": "wood.hlsl", "target": "ps_2_a", "entrypoint": "DefaultPS", "defines": "PIN_HQ PIN_GBUFFER", "exclude": "glsles" },
    { "name": "DefaultMarbleHQFS", "source": "marble.hlsl", "target": "ps_2_a", "entrypoint": "DefaultPS", "defines": "PIN_HQ" },
    { "name": "DefaultMarbleHQGBufferFS", "source": "marble.hlsl", "target": "ps_2_a", "entrypoint": "DefaultPS", "defines": "PIN_HQ PIN_GBUFFER", "exclude": "glsles" },
    { "name": "DefaultSlateHQFS", "source": "slate.hlsl", "target": "ps_2_a", "entrypoint": "DefaultPS", "defines": "PIN_HQ" },
    { "name": "DefaultSlateHQGBufferFS", "source": "slate.hlsl", "target": "ps_2_a", "entrypoint": "DefaultPS", "defines": "PIN_HQ PIN_GBUFFER", "exclude": "glsles" },
    { "name": "DefaultGraniteHQFS", "source": "granite.hlsl", "target": "ps_2_a", "entrypoint": "DefaultPS", "defines": "PIN_HQ" },
    { "name": "DefaultGraniteHQGBufferFS", "source": "granite.hlsl", "target": "ps_2_a", "entrypoint": "DefaultPS", "defines": "PIN_HQ PIN_GBUFFER", "exclude": "glsles" },
    { "name": "DefaultConcreteHQFS", "source": "concrete.hlsl", "target": "ps_2_a", "entrypoint": "DefaultPS", "defines": "PIN_HQ" },
    { "name": "DefaultConcreteHQGBufferFS", "source": "concrete.hlsl", "target": "ps_2_a", "entrypoint": "DefaultPS", "defines": "PIN_HQ PIN_GBUFFER", "exclude": "glsles" },
    { "name": "DefaultPebbleHQFS", "source": "pebble.hlsl", "target": "ps_2_a", "entrypoint": "DefaultPS", "defines": "PIN_HQ" },
    { "name": "DefaultPebbleHQGBufferFS", "source": "pebble.hlsl", "target": "ps_2_a", "entrypoint": "DefaultPS", "defines": "PIN_HQ PIN_GBUFFER", "exclude": "glsles" },
    { "name": "DefaultBrickHQFS", "source": "brick.hlsl", "target": "ps_2_a", "entrypoint": "DefaultPS", "defines": "PIN_HQ" },
    { "name": "DefaultBrickHQGBufferFS", "source": "brick.hlsl", "target": "ps_2_a", "entrypoint": "DefaultPS", "defines": "PIN_HQ PIN_GBUFFER", "exclude": "glsles" },
    { "name": "DefaultRustHQFS", "source": "rust.hlsl", "target": "ps_2_a", "entrypoint": "DefaultPS", "defines": "PIN_HQ" },
    { "name": "DefaultRustHQGBufferFS", "source": "rust.hlsl", "target": "ps_2_a", "entrypoint": "DefaultPS", "defines": "PIN_HQ PIN_GBUFFER", "exclude": "glsles" },
    { "name": "DefaultDiamondplateHQFS", "source": "diamondplate.hlsl", "target": "ps_2_a", "entrypoint": "DefaultPS", "defines": "PIN_HQ" },
    { "name": "DefaultDiamondplateHQGBufferFS", "source": "diamondplate.hlsl", "target": "ps_2_a", "entrypoint": "DefaultPS", "defines": "PIN_HQ PIN_GBUFFER", "exclude": "glsles" },
    { "name": "DefaultAluminumHQFS", "source": "aluminum.hlsl", "target": "ps_2_a", "entrypoint": "DefaultPS", "defines": "PIN_HQ" },
    { "name": "DefaultAluminumHQGBufferFS", "source": "aluminum.hlsl", "target": "ps_2_a", "entrypoint": "DefaultPS", "defines": "PIN_HQ PIN_GBUFFER", "exclude": "glsles" },
    { "name": "DefaultGrassHQFS", "source": "grass.hlsl", "target": "ps_2_a", "entrypoint": "DefaultPS", "defines": "PIN_HQ" },
    { "name": "DefaultGrassHQGBufferFS", "source": "grass.hlsl", "target": "ps_2_a", "entrypoint": "DefaultPS", "defines": "PIN_HQ PIN_GBUFFER", "exclude": "glsles" },
    { "name": "DefaultSandHQFS", "source": "sand.hlsl", "target": "ps_2_a", "entrypoint": "DefaultPS", "defines": "PIN_HQ" },
    { "name": "DefaultSandHQGBufferFS", "source": "sand.hlsl", "target": "ps_2_a", "entrypoint": "DefaultPS", "defines": "PIN_HQ PIN_GBUFFER", "exclude": "glsles" },
    { "name": "DefaultFabricHQFS", "source": "fabric.hlsl", "target": "ps_2_a", "entrypoint": "DefaultPS", "defines": "PIN_HQ" },
    { "name": "DefaultFabricHQGBufferFS", "source": "fabric.hlsl", "target": "ps_2_a", "entrypoint": "DefaultPS", "defines": "PIN_HQ PIN_GBUFFER", "exclude": "glsles" },
    { "name": "DefaultIceHQFS", "source": "ice.hlsl", "target": "ps_2_a", "entrypoint": "DefaultPS", "defines": "PIN_HQ" },
    { "name": "DefaultIceHQGBufferFS", "source": "ice.hlsl", "target": "ps_2_a", "entrypoint": "DefaultPS", "defines": "PIN_HQ PIN_GBUFFER", "exclude": "glsles" },
    { "name": "DefaultCobblestoneHQFS", "source": "cobblestone.hlsl", "target": "ps_2_a", "entrypoint": "DefaultPS", "defines": "PIN_HQ" },
    { "name": "DefaultCobblestoneHQGBufferFS", "source": "cobblestone.hlsl", "target": "ps_2_a", "entrypoint": "DefaultPS", "defines": "PIN_HQ PIN_GBUFFER", "exclude": "glsles" },
    { "name": "DefaultMetalHQFS", "source": "metal.hlsl", "target": "ps_2_a", "entrypoint": "DefaultPS", "defines": "PIN_HQ" },
    { "name": "DefaultMetalHQGBufferFS", "source": "metal.hlsl", "target": "ps_2_a", "entrypoint": "DefaultPS", "defines": "PIN_HQ PIN_GBUFFER", "exclude": "glsles" },
    { "name": "DefaultWoodPlanksHQFS", "source": "woodplanks.hlsl", "target": "ps_2_a", "entrypoint": "DefaultPS", "defines": "PIN_HQ" },
    { "name": "DefaultWoodPlanksHQGBufferFS", "source": "woodplanks.hlsl", "target": "ps_2_a", "entrypoint": "DefaultPS", "defines": "PIN_HQ PIN_GBUFFER", "exclude": "glsles" },
    { "name": "DefaultNeonHQFS", "source": "neon.hlsl", "target": "ps_2_a", "entrypoint": "DefaultPS", "defines": "PIN_HQ" },
    { "name": "DefaultNeonHQGBufferFS", "source": "neon.hlsl", "target": "ps_2_a", "entrypoint": "DefaultPS", "defines": "PIN_HQ PIN_GBUFFER", "exclude": "glsles" },
   
    { "name": "MegaClusterVS", "source": "megacluster.hlsl", "target": "vs_2_0", "entrypoint": "MegaClusterVS" },
    { "name": "MegaClusterHQVS", "source": "megacluster.hlsl", "target": "vs_2_0", "entrypoint": "MegaClusterVS", "defines": "PIN_HQ" },
    { "name": "MegaClusterFS", "source": "megacluster.hlsl", "target": "ps_2_0", "entrypoint": "MegaClusterPS" },
    { "name": "MegaClusterHQFS", "source": "megacluster.hlsl", "target": "ps_2_a", "entrypoint": "MegaClusterPS", "defines": "PIN_HQ" },
    { "name": "MegaClusterHQGBufferFS", "source": "megacluster.hlsl", "target": "ps_2_a", "entrypoint": "MegaClusterPS", "defines": "PIN_HQ PIN_GBUFFER", "exclude": "glsles" },

    { "name": "SmoothClusterVS", "source": "smoothcluster.hlsl", "target": "vs_2_0", "entrypoint": "TerrainVS" },
    { "name": "SmoothClusterHQVS", "source": "smoothcluster.hlsl", "target": "vs_3_0", "entrypoint": "TerrainVS", "defines": "PIN_HQ" },
    { "name": "SmoothClusterPackedVS", "source": "smoothcluster.hlsl", "target": "vs_2_0", "entrypoint": "TerrainVS", "defines": "PIN_PACKED" },
    { "name": "SmoothClusterPackedHQVS", "source": "smoothcluster.hlsl", "target": "vs_3_0", "entrypoint": "TerrainVS", "defines": "PIN_PACKED PIN_HQ" },
    { "name": "SmoothClusterFS", "source": "smoothcluster.hlsl", "target": "ps_2_0", "entrypoint": "TerrainPS" },
    { "name": "SmoothClusterHQFS", "source": "smoothcluster.hlsl", "target": "ps_3_0", "entrypoint": "TerrainPS", "defines": "PIN_HQ" },
    { "name": "SmoothClusterHQGBufferFS", "source": "smoothcluster.hlsl", "target": "ps_3_0", "entrypoint": "TerrainPS", "defines": "PIN_HQ PIN_GBUFFER", "exclude": "glsles" },

    { "name": "ParticleVS", "source": "particle.hlsl", "target": "vs_1_1", "entrypoint": "vs" },
    { "name": "ParticleAddFS", "source": "particle.hlsl", "target": "ps_2_0", "entrypoint": "psAdd" },
	{ "name": "ParticleModulateFS", "source": "particle.hlsl", "target": "ps_2_0", "entrypoint": "psModulate" },
	{ "name": "ParticleCrazyFS", "source": "particle.hlsl", "target": "ps_2_0", "entrypoint": "psCrazy" },
	{ "name": "ParticleCrazySparklesFS", "source": "particle.hlsl", "target": "ps_2_0", "entrypoint": "psCrazySparkles" },
	
	{ "name": "ParticleCustomVS", "source": "particle.hlsl", "target": "vs_1_1", "entrypoint": "vsCustom" },
	{ "name": "ParticleCustomFS", "source": "particle.hlsl", "target": "ps_2_0", "entrypoint": "psCustom" },

    { "name": "SkyVS", "source": "sky.hlsl", "target": "vs_1_1", "entrypoint": "SkyVS" },
    { "name": "SkyFS", "source": "sky.hlsl", "target": "ps_2_0", "entrypoint": "SkyPS" },
    { "name": "TexCompVS", "source": "texcomp.hlsl", "target": "vs_1_1", "entrypoint": "TexCompVS" },
    { "name": "TexCompFS", "source": "texcomp.hlsl", "target": "ps_2_0", "entrypoint": "TexCompPS" },
    { "name": "TexCompPMAFS", "source": "texcomp.hlsl", "target": "ps_2_0", "entrypoint": "TexCompPMAPS" },
    { "name": "UIVS", "source": "ui.hlsl", "target": "vs_1_1", "entrypoint": "UIVS" },
    { "name": "UIFogVS", "source": "ui.hlsl", "target": "vs_1_1", "entrypoint": "UIVS", "defines": "PIN_FOG" },
    { "name": "UIFS", "source": "ui.hlsl", "target": "ps_2_0", "entrypoint": "UIPS" },
    { "name": "UIFogFS", "source": "ui.hlsl", "target": "ps_2_0", "entrypoint": "UIPS", "defines": "PIN_FOG" },

    { "name": "WaterVS", "source": "water.hlsl", "target": "vs_2_0", "entrypoint": "water_vs" },
    { "name": "WaterHQVS", "source": "water.hlsl", "target": "vs_2_0", "entrypoint": "water_vs", "defines": "PIN_HQ" },
    { "name": "WaterFS", "source": "water.hlsl", "target": "ps_2_0", "entrypoint": "water_ps" },
    { "name": "WaterHQFS", "source": "water.hlsl", "target": "ps_2_a", "entrypoint": "water_ps", "defines": "PIN_HQ" },
    
    { "name": "SmoothWaterVS", "source": "smoothwater.hlsl", "target": "vs_2_0", "entrypoint": "WaterVS" },
    { "name": "SmoothWaterHQVS", "source": "smoothwater.hlsl", "target": "vs_3_0", "entrypoint": "WaterVS", "defines": "PIN_HQ" },
    { "name": "SmoothWaterPackedVS", "source": "smoothwater.hlsl", "target": "vs_2_0", "entrypoint": "WaterVS", "defines": "PIN_PACKED" },
    { "name": "SmoothWaterPackedHQVS", "source": "smoothwater.hlsl", "target": "vs_3_0", "entrypoint": "WaterVS", "defines": "PIN_PACKED PIN_HQ" },
    { "name": "SmoothWaterFS", "source": "smoothwater.hlsl", "target": "ps_2_0", "entrypoint": "WaterPS" },
    { "name": "SmoothWaterHQFS", "source": "smoothwater.hlsl", "target": "ps_3_0", "entrypoint": "WaterPS", "defines": "PIN_HQ" },
    { "name": "SmoothWaterHQGBufferFS", "source": "smoothwater.hlsl", "target": "ps_3_0", "entrypoint": "WaterPS", "defines": "PIN_HQ PIN_GBUFFER", "exclude": "glsles" },
    
    { "name": "SSAOFS", "source": "ssao.hlsl", "target": "ps_2_a", "entrypoint": "ssao_ps", "exclude": "glsles" },
    { "name": "SSAODepthDownVS", "source": "ssao.hlsl", "target": "vs_1_1", "entrypoint": "ssaoDepthDown_vs", "exclude": "glsles" },
    { "name": "SSAODepthDownFS", "source": "ssao.hlsl", "target": "ps_2_a", "entrypoint": "ssaoDepthDown_ps", "exclude": "glsles" },
    { "name": "SSAOBlurXVS", "source": "ssao.hlsl", "target": "vs_1_1", "entrypoint": "ssaoBlurX_vs", "exclude": "glsles" },
    { "name": "SSAOBlurXFS", "source": "ssao.hlsl", "target": "ps_2_a", "entrypoint": "ssaoBlurX_ps", "exclude": "glsles" },
    { "name": "SSAOBlurYVS", "source": "ssao.hlsl", "target": "vs_1_1", "entrypoint": "ssaoBlurY_vs", "exclude": "glsles" },
    { "name": "SSAOBlurYFS", "source": "ssao.hlsl", "target": "ps_2_a", "entrypoint": "ssaoBlurY_ps", "exclude": "glsles" },
    { "name": "SSAOCompositVS", "source": "ssao.hlsl", "target": "vs_1_1", "entrypoint": "ssaoComposit_vs", "exclude": "glsles" },
    { "name": "SSAOCompositFS", "source": "ssao.hlsl", "target": "ps_2_a", "entrypoint": "ssaoComposit_ps", "exclude": "glsles" },

    { "name": "PassThroughVS", "source": "screenspace.hlsl", "target": "vs_1_1", "entrypoint": "passThrough_vs"},
    { "name": "PassThroughFS", "source": "screenspace.hlsl", "target": "ps_2_0", "entrypoint": "passThrough_ps"},
    { "name": "GlowApplyFS", "source": "screenspace.hlsl", "target": "ps_2_a", "entrypoint": "glowApply_ps", "exclude": "glsles" },
    { "name": "BlurFS", "source": "screenspace.hlsl", "target": "ps_2_a", "entrypoint": "blur_ps", "exclude": "glsles" },
    { "name": "DownSample4x4VS", "source": "screenspace.hlsl", "target": "vs_1_1", "entrypoint": "downsample4x4_vs", "exclude": "glsles" },
    { "name": "DownSample4x4GlowFS", "source": "screenspace.hlsl", "target": "ps_2_0", "entrypoint": "downSample4x4Glow_ps", "exclude": "glsles" },
    { "name": "ShadowBlurFS", "source": "screenspace.hlsl", "target": "ps_2_0", "entrypoint": "ShadowBlurPS" },

    { "name": "GBufferResolveVS", "source" : "gbuffer.hlsl", "target" : "vs_2_0", "entrypoint" : "gbufferVS" },
    { "name": "GBufferResolveFS", "source" : "gbuffer.hlsl", "target" : "ps_2_0", "entrypoint" : "gbufferPS" },

    { "name": "ProfilerVS", "source": "profiler.hlsl", "target": "vs_1_1", "entrypoint": "ProfilerVS" },
    { "name": "ProfilerFS", "source": "profiler.hlsl", "target": "ps_2_0", "entrypoint": "ProfilerPS" }
]
